l.p.,Age,Virus,Diabex,Hemoglobin [g/dl],PLT [k/µl],ALT [U/l],AST [U/l],GGTP [U/l],INR,Albumin [g/l],Albumin [%],Phosphatase alkaline [U/l],Bilirubin [µmol/l],STEATOSIS [dB/m],FIBROSIS [kPa],FSCORE,APRI,FIB4,RITIS,BMI,NAFLD
8.0,47.0,,0,15.6,56.0,116.0,79.0,69.0,1.2,40.3,57.5,39.0,10.6,214.0,16.4,3-4,2.821,6.16,0.68,20,-0.77
9.0,42.0,4.0,1,11.6,193.0,30.0,38.24,124.95,1.35,48.0,54.38,88.82,18.6,382.0,11.1,3-4,0.396,1.52,1.27,20,-1.526
10.0,38.0,3.0,0,15.1,165.0,23.0,24.0,32.0,1.1,33.9,48.4,73.0,6.6,212.0,4.8,1-2,0.291,1.15,1.04,20,-1.738
11.0,66.0,4.0,1,13.3,91.0,179.0,132.34,167.21,1.15,40.38,51.14,109.7,21.7,308.0,21.5,3-4,2.909,7.17,0.74,20,0.661
15.0,58.0,0.0,0,15.1,193.0,93.0,71.0,92.0,1.2,45.5,57.84,105.0,14.0,307.0,8.0,1-2,0.736,2.21,0.76,20,-2.405
16.0,53.0,4.0,0,16.1,253.0,116.0,78.78,107.65,0.95,43.0,54.49,92.3,10.8,206.0,10.0,1-2,0.623,1.53,0.68,20,-3.289
17.0,63.0,-1.0,0,16.0,181.0,99.0,56.0,107.0,1.04,45.0,54.17,93.0,10.2,269.0,10.5,3-4,0.619,1.96,0.57,20,-2.227
18.0,44.0,4.0,0,11.5,53.0,21.0,53.0,70.0,1.65,35.4,46.0,211.0,46.2,281.0,28.1,3-4,2.0,9.6,2.52,20,1.306
19.0,58.0,0.0,1,14.5,41.0,22.0,32.0,69.0,1.3,45.0,50.26,81.0,9.0,296.0,49.3,3-4,1.561,9.65,1.45,20,1.418
20.0,58.0,0.0,1,14.5,41.0,22.0,32.0,69.0,1.3,45.0,50.74,81.0,9.0,280.0,40.1,3-4,1.561,9.65,1.45,20,1.418
21.0,41.0,4.0,0,13.4,273.0,28.0,21.35,63.51,0.93,47.0,55.91,75.93,4.2,206.0,4.5,1-2,0.156,0.61,0.76,20,-4.174
22.0,60.0,4.0,0,14.3,121.0,65.0,58.03,111.79,1.17,46.0,52.84,90.73,15.9,296.0,14.3,3-4,0.959,3.57,0.89,20,-1.3
23.0,71.0,0.0,0,12.3,293.0,29.0,15.0,18.0,1.06,45.0,56.51,74.0,4.9,355.0,4.5,1-2,0.102,0.67,0.52,20,-3.435
25.0,57.0,4.0,1,11.4,422.0,27.0,47.0,21.0,1.19,35.0,56.86,40.0,4.8,217.0,6.3,1-2,0.223,1.22,1.74,20,-2.629
32.0,60.0,0.0,0,15.3,262.0,72.0,55.0,439.0,1.01,51.0,58.15,98.0,15.3,340.0,6.6,1-2,0.42,1.48,0.76,20,-3.591
33.0,55.0,4.0,1,15.0,220.0,25.0,26.18,121.48,0.96,47.0,55.07,83.72,9.5,373.0,7.4,1-2,0.238,1.31,1.05,20,-1.555
34.0,66.0,4.0,0,14.0,153.0,92.0,63.7,76.5,1.23,49.0,54.23,117.5,12.2,188.0,15.1,3-4,0.833,2.86,0.69,20,-1.891
37.0,68.0,4.0,0,15.9,62.0,32.0,55.0,54.0,1.25,37.0,49.55,99.0,24.8,286.0,44.2,3-4,1.774,10.66,1.72,20,1.175
38.0,45.0,4.0,0,16.8,201.0,58.0,48.22,68.59,1.2,50.0,54.71,86.14,21.5,200.0,4.7,1-2,0.48,1.42,0.83,20,-3.22
39.0,79.0,4.0,0,13.9,155.0,23.0,25.0,25.0,1.2,45.0,53.34,91.0,7.8,256.0,12.9,3-4,0.323,2.66,1.09,20,-0.781
40.0,39.0,3.0,0,14.2,164.0,55.0,41.63,67.43,1.09,47.0,54.64,77.04,5.4,233.0,6.1,1-2,0.508,1.33,0.76,20,-2.837
41.0,30.0,4.0,0,12.2,78.0,104.0,204.0,61.0,1.96,25.0,44.65,171.0,107.0,212.0,51.7,3-4,5.231,7.69,1.96,20,0.593
42.0,44.0,3.0,0,14.0,71.0,57.0,72.0,117.0,1.19,42.0,49.01,52.0,9.0,173.0,15.5,3-4,2.028,5.91,1.26,20,-0.611
44.0,68.0,0.0,0,12.2,282.0,27.0,21.0,211.0,1.0,45.75,57.56,68.0,4.8,269.0,7.7,1-2,0.149,0.97,0.78,20,-3.194
46.0,34.0,4.0,0,16.9,173.0,188.0,126.52,113.22,0.98,66.81,49.0,93.79,18.6,203.0,7.1,1-2,1.463,1.81,0.67,20,-4.529
47.0,73.0,4.0,1,13.3,258.0,23.0,19.0,127.0,1.2,42.0,48.05,92.0,3.0,284.0,26.7,3-4,0.147,1.12,0.83,20,-1.272
53.0,62.0,2.0,1,11.9,59.0,187.0,157.0,185.0,1.67,30.3,39.4,101.0,22.0,171.0,34.6,3-4,5.322,12.06,0.84,20,1.693
55.0,51.0,-1.0,0,16.1,77.0,34.0,34.0,149.0,1.1,41.0,53.9,44.0,7.7,375.0,9.0,1-2,0.883,3.86,1.0,20,-0.625
58.0,46.0,3.0,0,15.2,198.0,233.0,148.64,169.81,1.0,48.0,54.26,102.23,11.1,311.0,9.7,3-4,1.501,2.26,0.64,20,-3.203
59.0,67.0,4.0,0,13.4,194.0,13.0,16.0,14.0,1.1,44.0,56.46,73.0,12.2,314.0,7.3,1-2,0.165,1.53,1.23,20,-1.524
62.0,50.0,0.0,0,16.36,109.0,46.0,34.0,21.0,1.1,45.63,58.96,75.0,23.4,343.0,13.0,3-4,0.624,2.3,0.74,20,-1.642
65.0,70.0,4.0,0,12.2,156.0,95.0,64.92,80.33,1.02,49.0,53.45,87.31,9.8,161.0,10.3,3-4,0.832,2.99,0.68,20,-1.79
66.0,68.0,4.0,0,16.2,97.0,41.0,58.33,130.17,1.29,39.44,49.93,102.58,15.9,250.0,40.3,3-4,1.203,6.39,1.42,20,0.265
68.0,44.0,4.0,0,13.2,260.0,57.88,41.64,22.0,1.08,45.65,56.14,69.0,13.97,325.0,7.8,1-2,0.32,0.93,0.72,20,-3.848
69.0,64.0,,1,7.93,50.0,35.0,43.72,77.15,1.26,39.0,50.84,88.34,9.5,198.0,24.9,3-4,1.749,9.46,1.25,20,1.716
72.0,58.0,2.0,0,13.3,158.0,86.0,57.0,76.0,1.18,39.0,59.28,53.0,10.1,198.0,6.0,1-2,0.722,2.26,0.66,20,-1.621
74.0,40.0,0.0,0,15.5,319.0,32.0,22.0,85.65,0.94,47.64,56.5,85.11,16.27,253.0,4.2,1-2,0.138,0.49,0.69,20,-4.926
76.0,46.0,2.0,0,14.0,465.0,22.4,29.2,11.2,1.11,47.38,57.81,68.8,10.8,184.0,6.0,1-2,0.126,0.61,1.3,20,-5.975
80.0,66.0,4.0,0,16.2,213.0,59.0,43.25,94.82,1.01,47.0,54.65,87.19,13.6,246.0,5.6,1-2,0.406,1.74,0.73,20,-2.498
81.0,50.0,,0,12.8,107.0,65.0,46.97,61.1,1.1,53.0,54.15,77.54,8.9,216.0,4.7,1-2,0.878,2.72,0.72,20,-2.119
82.0,45.0,0.0,1,15.0,178.0,88.0,61.0,21.0,1.07,46.46,55.71,43.0,3.62,301.0,7.4,1-2,0.685,1.64,0.69,20,-1.694
85.0,27.0,4.0,0,13.3,285.0,19.0,23.18,51.0,1.1,39.0,56.4,48.0,11.5,254.0,7.1,1-2,0.163,0.5,1.22,20,-3.867
91.0,28.0,4.0,1,15.5,127.0,214.0,134.0,128.0,1.36,43.0,53.68,84.0,10.7,211.0,11.8,3-4,2.11,2.02,0.63,20,-1.498
93.0,48.0,2.0,0,13.7,182.0,13.0,15.88,48.38,1.1,45.4,54.96,76.79,10.43,204.0,3.8,1-2,0.175,1.16,1.22,20,-2.172
94.0,45.0,3.0,0,11.8,187.0,51.0,55.0,41.0,1.2,37.2,51.0,75.0,5.5,256.0,9.3,3-4,0.588,1.85,1.08,20,-1.949
95.0,35.0,3.0,0,15.0,227.0,32.4,26.3,39.3,0.99,46.7,55.83,59.5,19.3,204.0,5.1,1-2,0.232,0.71,0.81,20,-3.73
96.0,38.0,-1.0,1,16.4,189.0,236.0,175.0,514.0,1.1,45.0,48.67,196.0,22.3,263.0,41.5,3-4,1.852,2.29,0.74,20,-1.952
97.0,54.0,4.0,0,15.9,124.0,138.0,107.76,169.8,1.05,48.0,51.54,104.15,10.9,319.0,33.3,3-4,1.738,3.99,0.78,20,-1.804
98.0,43.0,3.0,0,14.3,170.0,22.0,19.35,47.0,1.09,46.07,54.9,73.72,5.2,207.0,4.0,1-2,0.228,1.04,0.88,20,-2.584
101.0,49.0,2.0,0,15.7,149.0,19.0,20.0,11.0,1.24,48.0,54.7,70.0,10.1,194.0,4.4,1-2,0.268,1.51,1.05,20,-2.045
104.0,53.0,2.0,0,15.6,260.0,32.0,32.0,35.0,1.14,46.3,56.11,69.95,11.4,360.0,5.9,1-2,0.246,1.15,1.0,20,-3.28
106.0,47.0,4.0,0,15.5,324.0,18.0,15.35,98.67,0.94,43.0,56.51,82.85,8.8,297.0,3.1,1-2,0.095,0.52,0.85,20,-4.262
108.0,19.0,-1.0,0,14.7,161.0,13.0,15.0,29.06,1.16,45.57,54.5,97.78,57.1,195.0,5.4,1-2,0.186,0.49,1.15,20,-3.05
109.0,73.0,4.0,0,13.8,224.0,42.0,29.94,81.69,1.08,48.0,54.72,84.65,10.5,208.0,6.1,1-2,0.267,1.51,0.71,20,-2.468
111.0,35.0,5.0,0,16.1,135.0,49.0,37.0,59.0,1.2,44.4,60.0,87.0,6.9,179.0,4.1,1-2,0.548,1.37,0.76,20,-2.438
112.0,45.0,3.0,0,19.0,181.0,81.0,61.65,90.71,1.09,49.0,54.49,89.38,19.5,246.0,6.8,1-2,0.681,1.7,0.76,20,-2.964
117.0,53.0,4.0,0,13.4,277.0,41.0,27.31,107.68,0.99,46.0,56.09,82.21,5.1,314.0,3.5,1-2,0.197,0.82,0.67,20,-3.812
118.0,74.0,4.0,0,11.0,118.0,46.0,48.0,211.0,1.7,33.0,50.3,111.0,40.4,193.0,27.5,3-4,0.814,4.44,1.04,20,0.264
120.0,45.0,4.0,0,11.3,387.0,26.0,16.39,87.56,1.01,49.0,57.2,82.5,7.1,222.0,4.7,1-2,0.085,0.37,0.63,20,-5.771
122.0,77.0,4.0,0,9.7,33.0,35.0,66.8,36.2,1.89,30.2,36.07,79.2,32.8,193.0,50.4,3-4,4.048,26.35,1.91,20,2.521
123.0,62.0,4.0,0,13.3,295.0,295.0,173.01,191.73,1.02,50.0,55.59,107.34,6.7,275.0,4.5,1-2,1.173,2.12,0.59,20,-4.055
125.0,29.0,3.0,0,14.8,319.0,37.0,26.61,81.49,1.02,42.0,56.42,80.37,3.7,241.0,6.5,1-2,0.167,0.4,0.72,20,-4.929
126.0,44.0,3.0,0,10.0,93.0,140.0,179.0,211.0,1.49,29.1,45.4,248.0,172.88,229.0,37.7,3-4,3.849,7.16,1.28,20,-0.031
132.0,37.0,0.0,0,11.8,315.0,43.0,53.0,313.0,0.98,39.0,43.92,287.72,154.5,243.0,13.1,1-2,0.337,0.95,1.23,20,-3.875
133.0,58.0,0.0,0,14.3,171.0,15.0,13.0,60.0,1.0,46.11,60.86,95.0,7.7,162.0,5.4,1-2,0.152,1.14,0.87,20,-2.057
136.0,40.0,3.0,0,15.9,328.0,237.0,51.0,204.0,1.2,48.0,57.62,135.0,10.6,162.0,5.9,1-2,0.311,0.4,0.22,20,-5.534
138.0,50.0,4.0,0,11.8,318.0,86.0,53.12,120.95,0.96,42.0,56.14,88.78,5.2,285.0,4.9,1-2,0.334,0.9,0.62,20,-4.24
139.0,37.0,4.0,0,14.9,205.0,66.0,48.3,96.03,1.02,49.0,55.36,83.88,11.5,295.0,5.1,1-2,0.471,1.07,0.73,20,-3.601
140.0,32.0,3.0,0,14.7,215.0,116.0,80.96,90.47,1.06,47.0,54.69,91.32,15.7,202.0,9.2,3-4,0.753,1.12,0.7,20,-3.817
146.0,41.0,0.0,0,15.9,390.0,52.0,36.0,123.25,1.03,41.0,56.67,97.57,22.65,295.0,7.1,1-2,0.185,0.52,0.69,20,-5.369
149.0,49.0,0.0,0,13.3,326.0,17.0,17.0,23.0,1.0,44.0,54.99,60.0,3.8,356.0,5.3,1-2,0.104,0.62,1.0,20,-4.134
152.0,29.0,4.0,0,14.8,159.0,48.0,41.0,176.0,1.2,46.0,54.46,77.0,25.3,290.0,7.8,1-2,0.516,1.08,0.85,20,-2.979
153.0,38.0,3.0,0,14.8,264.0,32.0,35.0,117.0,0.9,40.0,46.19,94.0,6.2,200.0,5.3,1-2,0.265,0.89,1.09,20,-3.378
155.0,56.0,4.0,1,12.0,204.0,124.0,83.05,135.15,1.09,46.0,54.04,94.28,6.5,282.0,14.6,3-4,0.814,2.05,0.67,20,-1.618
156.0,31.0,3.0,0,14.3,176.0,9.9,12.2,10.2,1.07,48.3,55.09,59.6,14.6,181.0,6.4,1-2,0.139,0.68,1.23,20,-2.904
161.0,65.0,4.0,1,16.0,232.0,36.8,24.3,55.1,1.25,43.09,54.07,68.6,9.6,332.0,22.6,3-4,0.209,1.12,0.66,20,-1.466
162.0,54.0,4.0,0,12.7,70.0,19.0,29.0,117.0,1.62,38.78,57.03,106.81,17.2,223.0,67.6,3-4,0.829,5.13,1.53,20,0.245
166.0,53.0,0.0,0,15.1,234.0,22.0,14.0,14.0,1.1,43.0,56.05,79.0,7.1,333.0,3.6,1-2,0.12,0.68,0.64,20,-3.084
167.0,75.0,4.0,0,16.6,210.0,65.0,44.41,96.26,0.94,47.0,54.31,88.94,10.4,218.0,9.1,3-4,0.423,1.97,0.68,20,-2.176
168.0,39.0,4.0,0,16.1,295.0,70.0,46.07,88.73,1.04,47.0,56.12,85.64,9.6,224.0,5.6,1-2,0.312,0.73,0.66,20,-4.637
170.0,19.0,0.0,0,14.2,190.0,27.0,21.0,93.0,1.14,47.81,56.85,92.0,9.1,261.0,5.7,1-2,0.221,0.4,0.78,20,-3.947
171.0,43.0,3.0,0,18.0,133.0,81.0,59.55,112.26,1.12,45.0,54.39,86.46,11.5,349.0,6.0,1-2,0.895,2.14,0.74,20,-2.175
172.0,67.0,4.0,0,13.7,144.0,45.0,47.43,52.0,1.16,41.0,52.23,92.0,21.2,217.0,24.0,3-4,0.659,3.29,1.05,20,-0.851
174.0,51.0,2.0,0,13.0,70.0,82.0,108.0,354.0,1.38,30.0,44.94,171.0,77.9,258.0,73.7,3-4,3.086,8.69,1.32,20,0.506
177.0,44.0,4.0,0,15.9,263.0,100.0,61.68,100.24,0.97,47.0,55.92,86.36,7.3,246.0,3.7,1-2,0.469,1.03,0.62,20,-4.077
179.0,43.0,3.0,0,13.5,109.0,48.0,35.8,47.83,1.09,45.0,54.16,76.64,6.9,205.0,4.6,1-2,0.657,2.04,0.75,20,-1.853
180.0,63.0,5.0,0,11.2,112.0,13.8,49.5,42.5,1.16,41.6,43.68,76.21,9.1,265.0,6.1,1-2,0.884,7.5,3.59,20,1.885
181.0,42.0,4.0,1,15.3,66.0,125.0,93.73,88.45,1.23,41.0,52.2,94.9,18.3,209.0,14.5,3-4,2.84,5.33,0.75,20,0.067
182.0,30.0,4.0,0,16.3,263.0,99.0,64.94,84.36,1.08,50.0,55.59,85.84,7.1,187.0,10.3,3-4,0.494,0.74,0.66,20,-4.755
183.0,65.0,4.0,0,15.3,320.0,38.0,29.0,61.0,0.99,49.0,56.61,68.0,11.4,271.0,5.5,1-2,0.181,0.96,0.76,20,-4.028
184.0,52.0,0.0,0,13.8,330.0,45.0,37.0,8.0,1.06,32.0,54.82,85.0,5.5,0.0,9.5,1-2,0.224,0.87,0.82,20,-3.459
185.0,62.0,2.0,0,14.8,164.0,83.0,35.0,40.0,1.2,47.0,55.64,86.0,17.8,284.0,7.1,1-2,0.427,1.45,0.42,20,-2.318
188.0,63.0,4.0,0,13.3,160.0,99.0,63.79,26.75,1.03,43.0,53.24,85.93,9.3,0.0,10.3,3-4,0.797,2.52,0.64,20,-1.744
190.0,42.0,5.0,0,16.2,218.0,121.7,74.4,247.4,1.09,39.9,54.19,112.1,6.5,244.0,5.5,1-2,0.683,1.3,0.61,20,-3.103
195.0,39.0,3.0,0,17.6,149.0,90.0,73.84,62.0,1.18,38.0,52.94,87.85,15.5,279.0,24.4,3-4,0.991,2.04,0.82,20,-1.985
196.0,82.0,0.0,1,13.3,248.0,24.0,9.0,75.0,1.25,43.06,55.72,82.4,15.7,350.0,4.3,1-2,0.073,0.61,0.38,20,-1.326
199.0,31.0,4.0,0,14.6,225.0,46.0,21.0,20.0,1.16,50.0,56.1,78.0,13.8,224.0,8.0,1-2,0.187,0.43,0.46,20,-4.421
202.0,48.0,3.0,0,12.7,70.0,90.0,237.0,221.0,1.66,23.0,33.6,236.0,23.2,234.0,67.5,3-4,6.771,17.13,2.63,20,2.16
206.0,42.0,4.0,0,13.7,246.0,9.0,11.43,62.42,1.11,47.0,55.57,79.33,8.3,217.0,7.4,1-2,0.093,0.65,1.27,20,-3.284
207.0,55.0,4.0,0,13.3,251.0,66.0,36.9,57.83,1.0,45.0,55.67,80.17,3.5,149.0,2.3,1-2,0.294,1.0,0.56,20,-3.44
209.0,59.0,4.0,1,14.2,78.0,64.9,67.9,29.4,1.42,34.59,53.29,87.05,37.0,400.0,16.1,3-4,1.741,6.38,1.05,20,1.257
212.0,61.0,6.0,0,13.1,221.0,13.0,19.0,9.0,0.99,43.0,55.27,68.0,7.3,189.0,2.9,1-2,0.172,1.45,1.46,20,-1.802
213.0,55.0,0.0,0,14.5,168.0,17.0,24.0,9.0,1.14,40.1,62.6,68.0,7.2,204.0,4.5,1-2,0.286,1.91,1.41,20,-1.193
214.0,21.0,0.0,0,15.5,263.0,85.0,48.0,35.0,1.2,49.0,57.01,92.0,9.0,396.0,5.9,1-2,0.365,0.42,0.56,20,-5.112
217.0,75.0,0.0,0,13.4,363.0,264.0,185.0,612.65,1.96,39.9,55.4,287.72,35.5,276.0,10.1,3-4,1.019,2.35,0.7,20,-3.679
218.0,60.0,4.0,0,13.2,165.0,203.0,163.0,528.0,1.2,41.0,47.25,260.0,4.7,214.0,27.4,3-4,1.976,4.16,0.8,20,-1.631
219.0,33.0,2.0,0,14.2,156.0,19.0,20.0,16.0,1.1,46.56,56.33,59.0,6.4,197.0,6.4,1-2,0.256,0.97,1.05,20,-2.633
220.0,70.0,4.0,0,10.9,113.0,82.0,81.0,40.0,1.1,43.0,55.99,72.0,6.4,275.0,8.2,1-2,1.434,5.54,0.99,20,-0.534
222.0,25.0,4.0,0,14.7,263.0,165.0,106.34,127.17,1.03,45.0,55.67,97.63,15.8,270.0,5.8,1-2,0.809,0.79,0.64,20,-4.621
223.0,75.0,4.0,0,11.5,191.0,18.0,14.49,50.92,0.99,41.0,54.25,83.49,12.0,157.0,4.2,1-2,0.152,1.34,0.8,20,-1.412
224.0,61.0,0.0,0,14.7,179.0,29.0,29.0,53.0,1.2,46.0,55.65,45.0,8.0,325.0,4.2,1-2,0.324,1.84,1.0,20,-1.911
227.0,40.0,4.0,0,7.93,347.0,41.0,23.37,21.48,0.91,50.0,56.14,79.77,4.3,0.0,10.5,3-4,0.135,0.42,0.57,20,-5.562
228.0,25.0,0.0,0,15.3,171.0,61.0,26.0,38.0,1.07,47.3,56.08,72.0,13.5,278.0,5.2,1-2,0.304,0.49,0.43,20,-3.793
230.0,67.0,4.0,0,12.3,124.0,17.0,26.0,70.0,1.26,49.0,51.83,84.0,10.1,202.0,36.3,3-4,0.419,3.41,1.53,20,-0.648
238.0,45.0,2.0,0,17.1,140.0,22.0,14.0,31.0,1.3,45.7,66.2,69.0,15.2,186.0,3.1,1-2,0.2,0.96,0.64,20,-2.336
239.0,56.0,4.0,0,13.1,254.0,40.0,26.0,10.0,1.1,42.0,56.37,59.0,6.9,201.0,6.2,1-2,0.205,0.91,0.65,20,-3.154
240.0,60.0,4.0,1,13.4,101.0,26.0,34.0,141.0,1.1,34.81,51.9,102.95,11.3,391.0,58.2,3-4,0.673,3.96,1.31,20,1.239
242.0,66.0,4.0,0,12.5,84.0,37.0,72.0,148.0,1.1,39.0,50.19,111.0,8.5,228.0,23.8,3-4,1.714,9.3,1.95,20,0.907
244.0,53.0,2.0,0,12.4,277.0,27.0,14.0,17.0,1.03,46.0,57.99,49.0,5.2,210.0,5.3,1-2,0.101,0.52,0.52,20,-3.958
245.0,42.0,4.0,0,13.6,245.0,25.7,28.9,13.4,1.33,46.22,54.41,32.8,3.3,206.0,4.4,1-2,0.236,0.98,1.12,20,-3.363
246.0,57.0,3.0,1,13.8,199.0,45.0,33.09,46.0,1.04,44.0,54.63,79.28,9.3,242.0,12.1,3-4,0.333,1.41,0.74,20,-1.319
247.0,26.0,4.0,0,16.4,149.0,28.0,16.0,50.0,1.1,54.0,52.79,206.0,11.1,160.0,6.1,1-2,0.215,0.53,0.57,20,-3.768
253.0,61.0,0.0,0,10.8,275.0,26.0,29.0,612.65,0.89,45.21,53.01,118.0,15.8,243.0,7.6,1-2,0.211,1.26,1.12,20,-2.993
254.0,47.0,4.0,0,12.9,315.0,33.0,17.84,60.24,1.03,48.0,56.54,80.2,5.2,164.0,4.4,1-2,0.113,0.46,0.54,20,-4.784
260.0,40.0,3.0,0,17.8,180.0,36.0,25.97,54.09,1.06,47.0,55.03,77.41,4.6,200.0,7.5,1-2,0.289,0.96,0.72,20,-3.043
261.0,50.0,4.0,0,15.3,116.0,198.0,143.93,157.23,1.02,38.0,50.68,115.44,17.6,212.0,34.6,3-4,2.482,4.41,0.73,20,-1.241
264.0,39.0,3.0,0,16.7,193.0,77.0,53.47,70.61,1.1,47.0,55.01,86.86,15.6,204.0,5.1,1-2,0.554,1.23,0.69,20,-3.276
267.0,64.0,0.0,0,13.7,358.0,13.0,15.0,47.0,1.13,45.0,53.68,121.0,9.1,276.0,5.6,1-2,0.084,0.74,1.15,20,-3.909
268.0,65.0,0.0,0,15.3,154.0,16.0,19.9,25.0,1.38,43.3,54.94,73.0,9.4,364.0,5.4,1-2,0.258,2.1,1.24,20,-1.018
269.0,47.0,,0,15.8,160.0,76.0,181.0,146.0,1.09,53.0,50.84,97.0,37.8,282.0,7.6,1-2,2.262,6.1,2.38,20,-1.276
271.0,23.0,0.0,0,15.2,320.0,37.6,31.6,132.9,1.08,47.6,56.47,87.2,12.7,341.0,12.2,3-4,0.198,0.37,0.84,20,-5.414
275.0,41.0,4.0,0,16.6,286.0,48.0,36.28,115.15,1.08,48.0,56.35,90.95,18.7,332.0,3.8,1-2,0.254,0.75,0.76,20,-4.416
277.0,39.0,3.0,0,15.6,163.0,47.0,65.0,13.0,0.96,40.0,63.22,56.0,6.5,200.0,4.2,1-2,0.798,2.27,1.38,20,-1.742
281.0,40.0,4.0,0,14.5,66.0,27.0,32.0,58.0,1.71,37.95,57.5,90.35,23.8,290.0,30.1,3-4,0.97,3.73,1.19,20,-0.504
282.0,44.0,2.0,0,14.0,136.0,113.0,94.0,27.0,1.2,44.56,55.9,65.0,9.3,242.0,9.9,3-4,1.382,2.86,0.83,20,-2.052
284.0,63.0,4.0,0,16.3,136.0,47.0,37.72,95.22,1.1,45.0,53.73,88.06,11.6,276.0,11.0,3-4,0.555,2.55,0.8,20,-1.407
288.0,36.0,1.0,0,15.7,177.0,18.7,28.4,44.7,0.98,47.0,52.1,81.9,15.3,227.0,8.7,1-2,0.321,1.34,1.52,20,-2.362
289.0,38.0,3.0,0,14.9,133.0,37.0,26.0,81.0,1.1,50.0,54.4,80.0,41.5,190.0,8.2,1-2,0.391,1.22,0.7,20,-2.722
292.0,31.0,2.0,0,13.4,231.0,17.0,18.29,76.86,1.06,46.34,55.88,82.84,14.39,286.0,4.5,1-2,0.158,0.6,1.08,20,-3.644
294.0,39.0,4.0,0,13.5,266.0,35.0,24.0,61.43,1.05,46.0,56.13,80.59,7.7,199.0,3.3,1-2,0.18,0.59,0.69,20,-4.167
295.0,58.0,4.0,0,13.1,202.0,44.0,34.0,41.0,1.04,43.0,51.33,71.97,4.0,388.0,15.0,3-4,0.337,1.47,0.77,20,-2.348
296.0,57.0,0.0,0,15.2,178.0,47.0,37.0,59.0,1.38,41.73,53.67,72.0,27.2,271.0,26.1,3-4,0.416,1.73,0.79,20,-1.975
297.0,19.0,0.0,0,14.8,289.0,119.0,57.0,24.0,1.02,47.0,57.34,89.0,71.9,305.0,5.2,1-2,0.394,0.34,0.48,20,-5.477
298.0,65.0,6.0,0,15.0,251.0,83.0,48.2,80.5,1.1,47.0,55.36,88.03,8.6,169.0,5.1,1-2,0.384,1.37,0.58,20,-3.18
299.0,56.0,4.0,0,16.4,220.0,165.0,100.25,122.24,1.12,53.0,55.16,96.5,12.8,229.0,6.5,1-2,0.911,1.99,0.61,20,-3.48
300.0,38.0,4.0,0,17.3,413.0,49.0,28.78,124.79,1.0,44.0,57.74,89.64,7.4,311.0,5.4,1-2,0.139,0.38,0.59,20,-6.081
301.0,50.0,5.0,0,15.9,292.0,54.1,40.4,103.4,1.0,45.1,53.83,63.0,38.5,231.0,5.6,1-2,0.277,0.94,0.75,20,-3.978
302.0,42.0,4.0,0,10.6,117.0,55.0,57.16,62.25,1.38,27.0,51.21,99.17,19.3,121.0,25.7,3-4,0.977,2.77,1.04,20,-0.515
304.0,60.0,4.0,0,14.9,217.0,44.0,27.98,91.2,1.03,49.0,55.33,83.98,6.7,261.0,6.8,1-2,0.258,1.17,0.64,20,-3.0
311.0,63.0,0.0,1,11.1,229.0,28.0,38.0,242.0,1.29,31.2,46.5,210.0,12.4,243.0,73.9,3-4,0.332,1.98,1.36,20,-0.027
312.0,51.0,0.0,0,14.5,269.0,55.0,47.0,114.0,1.1,45.54,55.29,101.0,4.0,247.0,4.0,1-2,0.349,1.2,0.85,20,-3.565
313.0,51.0,4.0,0,15.5,161.0,67.0,39.0,33.0,1.3,45.0,55.28,64.0,16.6,209.0,4.6,1-2,0.484,1.51,0.58,20,-2.395
314.0,34.0,0.0,0,16.4,173.0,48.0,27.0,30.0,1.39,57.0,61.85,65.0,16.6,337.0,4.6,1-2,0.312,0.77,0.56,20,-3.991
315.0,56.0,4.0,0,14.7,99.0,18.0,24.0,37.0,1.16,42.68,56.9,79.86,14.5,231.0,12.2,3-4,0.485,3.2,1.33,20,-0.507
318.0,59.0,4.0,0,16.8,118.0,252.0,170.0,61.0,1.22,42.0,50.3,117.0,10.3,293.0,6.8,1-2,2.881,5.35,0.67,20,-1.25
319.0,46.0,0.0,0,13.7,93.0,50.3,40.1,386.8,1.31,38.9,50.52,211.4,9.5,352.0,8.4,1-2,0.862,2.8,0.8,20,-1.08
323.0,29.0,0.0,0,16.7,326.0,79.0,28.0,81.0,1.2,46.0,62.26,53.0,6.7,221.0,8.0,1-2,0.172,0.28,0.35,20,-5.645
324.0,33.0,3.0,0,17.0,173.0,45.0,49.0,316.0,1.0,48.55,54.16,69.0,5.9,231.0,7.3,1-2,0.566,1.39,1.09,20,-2.949
325.0,68.0,0.0,0,12.6,286.0,117.0,72.0,35.0,1.02,44.0,56.06,83.0,3.3,301.0,8.0,1-2,0.503,1.58,0.62,20,-3.292
326.0,61.0,4.0,0,15.1,109.0,48.8,56.0,143.0,1.42,48.5,49.51,120.8,11.4,328.0,63.7,3-4,1.028,4.49,1.15,20,-1.02
329.0,53.0,4.0,1,13.3,405.0,38.0,16.57,88.41,0.92,50.0,57.64,85.15,5.2,197.0,4.5,1-2,0.082,0.35,0.44,20,-4.837
330.0,38.0,0.0,0,14.3,247.0,37.0,21.0,40.0,1.05,47.0,56.84,51.0,25.1,246.0,4.4,1-2,0.17,0.53,0.57,20,-4.14
334.0,32.0,-1.0,0,9.3,313.0,55.0,175.0,269.0,1.96,26.0,45.86,253.0,172.88,325.0,47.2,3-4,1.118,2.41,3.18,20,-1.246
336.0,55.0,0.0,1,13.3,263.0,21.0,20.0,100.0,1.09,45.6,62.5,114.0,6.4,261.0,3.8,1-2,0.152,0.91,0.95,20,-2.116
337.0,36.0,3.0,0,7.93,263.0,45.0,30.44,47.2,1.07,51.0,56.09,84.97,17.9,146.0,2.8,1-2,0.231,0.62,0.68,20,-4.578
338.0,48.0,3.0,1,14.3,212.0,273.0,162.48,160.58,1.06,44.0,54.6,105.81,6.3,241.0,8.8,1-2,1.533,2.23,0.6,20,-1.96
339.0,31.0,4.0,0,13.6,172.0,32.0,24.28,60.77,1.11,44.0,55.43,79.37,9.8,260.0,2.7,1-2,0.282,0.77,0.76,20,-3.037
342.0,42.0,3.0,0,17.8,238.0,127.0,76.58,115.59,1.0,49.0,55.81,90.75,7.6,270.0,6.0,1-2,0.644,1.2,0.6,20,-3.972
343.0,48.0,4.0,0,14.5,79.0,184.0,158.7,243.79,1.36,39.0,47.22,134.25,15.0,321.0,75.0,3-4,4.018,7.11,0.86,20,-0.766
344.0,31.0,2.0,0,13.8,52.0,124.0,90.0,43.83,1.29,42.75,52.38,92.64,20.33,100.0,13.3,3-4,3.462,4.82,0.73,20,-1.427
347.0,66.0,4.0,1,17.1,279.0,21.0,13.8,107.96,1.1,51.0,56.01,87.05,9.4,294.0,7.9,1-2,0.099,0.71,0.66,20,-2.565
350.0,28.0,0.0,0,16.0,237.0,121.0,158.0,581.0,1.41,50.0,46.21,110.0,39.1,375.0,75.0,3-4,1.333,1.7,1.31,20,-3.847
351.0,41.0,4.0,0,13.4,222.0,120.0,73.92,137.62,0.95,46.0,55.66,91.64,6.0,352.0,6.5,1-2,0.666,1.25,0.62,20,-3.59
353.0,46.0,4.0,0,15.6,416.0,20.0,6.15,79.43,0.97,47.64,57.85,83.26,4.4,194.0,4.8,1-2,0.03,0.15,0.31,20,-6.341
354.0,66.0,4.0,0,14.5,208.0,74.0,50.85,104.58,0.98,44.0,54.12,94.71,12.2,227.0,13.3,3-4,0.489,1.88,0.69,20,-2.281
355.0,50.0,2.0,1,14.1,291.0,304.0,114.0,546.0,1.09,39.0,53.4,93.0,14.3,151.0,20.7,3-4,0.784,1.12,0.38,20,-2.801
356.0,43.0,0.0,0,13.4,282.0,37.0,143.0,178.0,1.29,35.0,47.51,151.0,10.6,275.0,67.0,3-4,1.014,3.58,3.86,20,-0.354
357.0,43.0,0.0,0,14.8,202.0,35.0,24.0,30.0,1.2,45.06,56.39,80.0,8.4,269.0,10.1,3-4,0.238,0.86,0.69,20,-3.125
359.0,62.0,0.0,1,13.8,176.0,148.0,83.0,81.0,1.15,51.0,63.8,113.0,20.4,290.0,9.4,3-4,0.943,2.4,0.56,20,-1.47
361.0,26.0,-1.0,0,14.8,164.0,11.0,16.0,14.0,1.2,47.0,54.93,83.0,6.2,133.0,4.9,1-2,0.195,0.76,1.45,20,-2.627
363.0,40.0,3.0,0,15.4,257.0,91.0,54.97,94.45,0.89,48.0,55.95,87.78,7.3,233.0,6.8,1-2,0.428,0.9,0.6,20,-4.226
364.0,50.0,3.0,0,12.8,345.0,60.0,52.65,103.91,1.06,43.0,55.51,111.24,45.6,206.0,5.9,1-2,0.305,0.99,0.88,20,-4.399
365.0,61.0,2.0,1,9.3,218.0,17.0,27.0,168.0,1.33,41.85,54.24,100.46,11.7,317.0,7.8,1-2,0.248,1.83,1.59,20,-0.432
367.0,60.0,4.0,1,11.6,105.0,48.8,39.5,458.8,1.14,42.6,51.62,104.4,10.0,264.0,16.0,3-4,0.752,3.23,0.81,20,0.18
369.0,47.0,4.0,0,13.8,146.0,111.0,105.0,45.0,1.15,44.9,44.05,69.0,9.3,201.0,14.4,3-4,1.438,3.21,0.95,20,-1.981
370.0,56.0,3.0,0,14.0,159.0,55.0,33.44,78.73,1.08,44.0,54.75,82.13,3.3,249.0,6.1,1-2,0.421,1.59,0.61,20,-2.092
371.0,70.0,4.0,0,15.1,234.0,99.0,107.0,48.0,1.14,47.0,54.31,70.0,14.1,245.0,8.6,1-2,0.915,3.22,1.08,20,-2.279
372.0,42.0,4.0,0,14.9,266.0,62.0,36.79,58.51,0.93,51.0,56.16,84.51,11.4,153.0,4.5,1-2,0.277,0.74,0.59,20,-4.478
374.0,42.0,3.0,0,15.7,320.0,362.0,210.41,199.19,0.99,43.0,56.02,117.39,10.6,247.0,3.8,1-2,1.315,1.45,0.58,20,-4.664
375.0,36.0,2.0,0,13.5,253.0,18.0,16.0,11.0,1.0,48.0,58.67,47.0,14.9,191.0,5.6,1-2,0.126,0.54,0.89,20,-4.04
379.0,55.0,4.0,0,15.6,188.0,241.0,93.0,70.0,1.05,43.0,55.58,100.0,10.5,169.0,12.1,3-4,0.989,1.75,0.39,20,-2.66
383.0,41.0,0.0,0,13.2,224.0,128.4,100.9,151.6,1.16,44.5,52.87,127.4,23.6,279.0,5.7,1-2,0.901,1.63,0.79,20,-3.349
387.0,30.0,2.0,0,13.8,213.0,29.0,31.0,6.0,1.23,46.83,60.8,83.05,29.0,131.0,2.9,1-2,0.291,0.81,1.07,20,-3.487
389.0,58.0,4.0,0,12.6,275.0,20.0,21.0,10.0,1.1,34.0,55.49,80.0,5.5,189.0,5.0,1-2,0.153,0.99,1.05,20,-2.428
390.0,36.0,2.0,0,15.1,202.0,26.0,26.0,9.0,1.1,46.0,55.83,63.0,11.1,218.0,5.3,1-2,0.257,0.91,1.0,20,-3.135
391.0,65.0,2.0,0,15.2,100.0,49.0,56.0,123.0,1.24,33.0,58.62,169.0,14.7,170.0,23.8,3-4,1.12,5.2,1.14,20,0.263
392.0,27.0,-1.0,0,15.8,305.0,49.0,28.0,145.0,1.0,46.0,57.08,79.0,7.8,324.0,5.7,1-2,0.184,0.35,0.57,20,-5.231
394.0,41.0,4.0,0,14.6,158.0,17.0,18.54,36.0,1.16,47.0,54.2,76.92,4.7,216.0,19.5,3-4,0.235,1.17,1.09,20,-2.354
395.0,33.0,3.0,0,13.5,282.0,37.0,22.23,59.84,1.01,44.0,56.25,82.21,6.0,184.0,6.6,1-2,0.158,0.43,0.6,20,-4.549
396.0,32.0,4.0,0,16.4,249.0,155.0,92.75,114.24,1.1,47.0,55.8,93.15,6.2,237.0,8.0,1-2,0.745,0.96,0.6,20,-4.358
397.0,27.0,3.0,0,11.7,157.0,27.0,22.0,34.0,1.2,45.0,48.76,75.0,19.2,177.0,4.8,1-2,0.28,0.73,0.81,20,-3.0
398.0,35.0,4.0,0,13.1,222.0,72.0,42.21,69.34,0.95,51.0,56.0,81.79,5.5,208.0,5.3,1-2,0.38,0.78,0.59,20,-4.172
399.0,45.0,4.0,0,15.5,308.0,169.0,98.84,160.26,1.07,49.0,56.48,99.36,7.2,322.0,7.1,1-2,0.642,1.11,0.58,20,-4.789
400.0,61.0,4.0,1,12.1,89.0,50.0,59.0,265.0,1.5,39.0,47.74,162.0,21.9,162.0,54.0,3-4,1.326,5.72,1.18,20,1.029
407.0,36.0,2.0,0,14.4,258.0,26.0,22.0,13.0,0.91,48.0,56.85,78.0,16.9,270.0,5.1,1-2,0.171,0.6,0.85,20,-4.147
408.0,48.0,-1.0,0,11.1,162.0,44.0,65.0,71.0,1.1,38.0,52.55,129.0,5.4,162.0,4.6,1-2,0.802,2.9,1.48,20,-1.171
409.0,67.0,4.0,1,11.2,43.0,29.0,41.0,54.0,1.5,34.48,44.21,94.06,20.5,222.0,23.4,3-4,1.907,11.86,1.41,20,2.379
411.0,25.0,0.0,0,14.8,232.0,21.0,17.0,65.98,1.06,47.52,56.38,77.17,4.4,264.0,3.9,1-2,0.147,0.4,0.81,20,-4.221
414.0,56.0,2.0,0,17.0,184.0,47.0,30.0,100.0,1.12,48.0,55.93,60.0,6.8,396.0,8.6,1-2,0.326,1.33,0.64,20,-2.651
417.0,46.0,6.0,0,13.7,255.0,65.0,32.0,107.0,1.1,45.06,55.53,97.0,7.2,143.0,5.3,1-2,0.251,0.72,0.49,20,-3.895
421.0,36.0,0.0,0,12.4,264.0,100.0,204.0,205.0,1.2,28.0,45.56,248.0,107.5,351.0,53.6,3-4,1.545,2.78,2.04,20,-1.723
422.0,68.0,6.0,0,14.7,261.0,85.0,62.0,104.0,1.4,37.91,51.23,97.39,16.0,300.0,15.3,3-4,0.475,1.75,0.73,20,-2.452
423.0,45.0,3.0,0,12.7,103.0,24.0,24.17,66.4,1.16,42.0,53.33,83.14,4.8,231.0,16.8,3-4,0.469,2.16,1.01,20,-1.244
425.0,71.0,4.0,0,13.9,128.0,53.0,43.57,118.52,1.1,37.0,52.94,97.52,14.9,309.0,15.1,3-4,0.681,3.32,0.82,20,-0.46
430.0,36.0,3.0,0,13.7,320.0,14.0,46.0,130.0,0.86,41.0,49.17,124.0,15.8,202.0,3.3,1-2,0.288,1.38,3.29,20,-2.076
432.0,35.0,4.0,0,15.3,294.0,54.0,34.61,58.34,1.0,51.0,56.48,88.57,18.8,153.0,4.4,1-2,0.235,0.56,0.64,20,-5.053
435.0,35.0,4.0,1,15.4,181.0,40.0,37.0,45.0,1.1,49.0,55.69,76.49,13.1,318.0,5.6,1-2,0.409,1.13,0.92,20,-2.041
441.0,36.0,0.0,0,12.4,119.0,8.0,9.0,7.2,1.31,41.6,55.08,55.6,4.0,216.0,6.0,1-2,0.151,0.96,1.12,20,-1.642
442.0,39.0,3.0,0,16.0,179.0,35.0,21.7,49.61,1.03,46.0,55.45,79.37,7.2,203.0,4.4,1-2,0.242,0.8,0.62,20,-3.101
443.0,34.0,4.0,0,11.6,198.0,191.0,103.0,55.0,1.2,45.0,55.66,87.36,8.3,183.0,6.5,1-2,1.04,1.28,0.54,20,-3.547
444.0,62.0,4.0,1,12.3,43.0,10.6,23.0,26.1,1.17,42.7,55.52,47.8,19.8,191.0,24.0,3-4,1.07,10.19,2.17,20,2.4
449.0,37.0,0.0,0,15.0,301.0,71.0,45.0,17.0,0.96,47.0,54.36,166.0,172.88,100.0,8.3,1-2,0.299,0.66,0.63,20,-4.814
450.0,32.0,2.0,0,15.4,202.0,64.0,42.0,40.0,1.1,46.27,55.76,79.0,8.6,226.0,6.1,1-2,0.416,0.83,0.66,20,-3.641
452.0,32.0,4.0,0,17.2,191.0,27.0,28.0,29.0,1.0,50.0,57.91,39.0,13.2,213.0,6.4,1-2,0.293,0.9,1.04,20,-3.367
458.0,46.0,0.0,0,13.2,281.0,14.0,16.0,11.0,1.1,47.0,56.8,63.0,8.7,207.0,3.2,1-2,0.114,0.7,1.14,20,-3.717
459.0,46.0,0.0,0,16.3,215.0,95.0,24.0,99.0,1.0,49.0,60.41,55.0,13.7,306.0,7.5,1-2,0.223,0.53,0.25,20,-3.872
460.0,60.0,4.0,0,13.8,82.0,126.0,119.64,141.0,1.31,38.0,48.66,87.0,17.0,373.0,75.0,3-4,2.918,7.8,0.95,20,-0.209
461.0,42.0,0.0,0,11.6,140.0,18.1,26.4,57.6,1.18,40.5,48.72,108.8,12.2,160.0,13.1,1-2,0.377,1.86,1.46,20,-1.29
462.0,30.0,4.0,0,10.2,369.0,30.0,15.68,74.2,1.13,47.0,57.55,85.92,10.3,208.0,4.4,1-2,0.085,0.23,0.52,20,-6.067
465.0,30.0,2.0,0,9.0,11.0,21.0,25.0,60.0,1.1,42.0,53.48,75.0,8.8,246.0,3.7,1-2,4.545,14.88,1.19,20,-0.421
466.0,54.0,-1.0,0,14.6,137.0,36.0,32.0,31.0,1.03,46.0,54.61,64.0,8.6,134.0,4.4,1-2,0.467,2.1,0.89,20,-1.734
467.0,28.0,4.0,0,17.2,234.0,37.0,42.0,42.0,1.1,51.0,53.83,185.0,8.4,173.0,4.3,1-2,0.359,0.83,1.14,20,-4.043
468.0,59.0,4.0,0,14.1,181.0,55.0,30.46,33.43,0.89,45.0,54.88,83.44,10.0,100.0,3.7,1-2,0.337,1.34,0.55,20,-2.387
469.0,24.0,3.0,0,15.6,168.0,158.1,70.7,31.9,1.08,48.6,58.92,79.9,17.1,225.0,7.0,1-2,0.842,0.8,0.45,20,-3.856
470.0,32.0,4.0,0,12.7,291.0,17.0,6.91,34.19,1.01,45.0,56.65,78.78,5.6,134.0,4.6,1-2,0.047,0.18,0.41,20,-4.962
471.0,43.0,3.0,0,15.0,171.0,36.0,23.68,57.81,1.06,46.0,55.05,81.97,7.6,209.0,7.5,1-2,0.277,0.99,0.66,20,-2.812
472.0,70.0,4.0,1,16.7,111.0,252.0,175.0,367.0,1.16,37.0,46.5,107.0,11.1,304.0,29.5,3-4,3.153,6.95,0.69,20,0.727
473.0,35.0,4.0,0,15.4,248.0,91.0,34.0,97.0,1.3,44.92,55.87,106.0,8.7,278.0,14.6,3-4,0.274,0.5,0.37,20,-4.319
474.0,60.0,4.0,0,14.2,133.0,82.0,53.0,65.0,1.3,38.3,58.0,73.0,13.6,221.0,13.4,3-4,0.797,2.64,0.65,20,-1.192
476.0,28.0,4.0,0,14.3,224.0,25.5,19.9,10.1,1.24,48.6,56.31,77.9,4.9,211.0,4.0,1-2,0.178,0.49,0.78,20,-4.106
477.0,39.0,3.0,0,14.3,180.0,99.2,39.4,21.4,1.11,44.1,55.9,88.5,10.5,217.0,3.9,1-2,0.438,0.86,0.4,20,-3.209
478.0,58.0,4.0,0,17.6,231.0,235.0,143.42,164.06,0.9,46.0,54.17,111.7,12.1,227.0,16.6,3-4,1.242,2.35,0.61,20,-3.084
480.0,45.0,4.0,0,14.7,105.0,203.0,149.15,222.78,1.46,41.0,50.96,123.61,18.9,400.0,39.5,3-4,2.841,4.49,0.73,20,-1.474
481.0,73.0,4.0,0,12.4,242.0,34.0,15.5,66.73,1.77,43.0,55.21,85.65,4.3,164.0,7.3,1-2,0.128,0.8,0.46,20,-2.627
483.0,34.0,3.0,0,14.6,190.0,57.7,53.9,612.65,1.04,41.5,52.86,155.7,8.1,270.0,5.6,1-2,0.567,1.27,0.93,20,-2.821
484.0,38.0,0.0,0,14.8,249.0,24.0,17.0,14.0,1.07,46.1,56.41,80.0,7.8,209.0,3.0,1-2,0.137,0.53,0.71,20,-3.967
485.0,59.0,4.0,0,13.9,175.0,132.0,80.04,138.98,1.17,47.0,54.63,96.28,6.6,317.0,10.7,3-4,0.915,2.35,0.61,20,-2.389
486.0,50.0,3.0,0,14.9,178.0,60.0,40.44,121.09,1.03,44.0,54.94,90.54,8.4,354.0,9.7,3-4,0.454,1.47,0.67,20,-2.496
487.0,37.0,4.0,0,17.1,197.0,35.0,22.42,64.86,1.02,49.0,55.91,82.25,11.3,246.0,3.7,1-2,0.228,0.71,0.64,20,-3.587
490.0,59.0,4.0,0,13.2,165.0,21.0,14.41,53.39,1.13,45.0,54.78,84.43,12.9,196.0,5.1,1-2,0.175,1.12,0.69,20,-2.048
491.0,66.0,4.0,0,8.0,124.0,21.0,42.2,131.5,1.96,37.61,52.53,98.66,8.5,322.0,30.9,3-4,0.681,4.9,2.01,20,0.542
492.0,43.0,4.0,0,15.0,89.0,201.9,217.0,117.7,1.41,33.98,50.19,108.91,22.6,287.0,32.4,3-4,4.876,7.38,1.07,20,-0.54
493.0,61.0,4.0,0,15.1,109.0,48.8,56.0,143.0,1.49,39.03,47.37,109.77,11.4,328.0,63.7,3-4,1.028,4.49,1.15,20,-0.395
494.0,62.0,4.0,1,15.7,127.0,13.0,23.0,35.0,1.1,38.0,51.35,81.39,9.0,303.0,29.5,3-4,0.362,3.11,1.77,20,1.222
495.0,71.0,4.0,0,13.4,62.0,22.0,18.0,18.0,1.1,41.96,59.1,80.16,15.1,194.0,11.6,3-4,0.581,4.39,0.82,20,0.067
496.0,47.0,4.0,1,13.3,35.0,47.7,43.3,119.1,1.39,28.95,42.2,105.59,14.3,269.0,32.5,3-4,2.474,8.42,0.91,20,1.607
497.0,78.0,4.0,1,14.0,259.0,12.0,17.0,20.0,1.18,40.26,48.5,77.91,6.0,249.0,17.6,3-4,0.131,1.48,1.42,20,-0.401
498.0,67.0,4.0,1,13.2,152.0,22.0,18.0,35.0,1.28,36.86,57.6,76.47,8.1,310.0,8.6,1-2,0.237,1.69,0.82,20,0.215
499.0,62.0,4.0,1,11.8,48.0,39.0,36.0,32.0,1.1,28.75,52.28,79.58,8.8,400.0,29.0,3-4,1.5,7.45,0.92,20,2.021
500.0,61.0,4.0,0,13.3,136.0,74.0,69.0,33.0,1.96,33.31,52.05,83.3,10.7,250.0,13.4,3-4,1.015,3.6,0.93,20,-0.581
501.0,69.0,4.0,1,11.3,174.0,42.0,29.0,134.0,1.0,31.01,44.94,101.64,7.3,316.0,23.7,3-4,0.333,1.77,0.69,20,0.263
